mae,rmse,r2
0.7223140495867736,0.8994948077064729,0.07641509433962757
