year,sentiment_polarity
2016,0.19266666666666665
2017,0.0657489831596974
2018,0.1435648148148148
2019,0.1112962962962963
2020,0.1237536656891495
2021,0.10480023448773444
2022,0.054508547008547
2023,0.14614177671743456
2024,0.014502629723217966
2025,0.11988098470625351
2026,0.0316666666666666
